Method,accuracy,precision,recall,f1_score,roc_auc,Training_Time
Vanilla,0.9790209790209791,0.9629629629629629,0.9811320754716981,0.9719626168224299,0.9943396226415094,1.5917885303497314
Regularized,0.993006993006993,1.0,0.9811320754716981,0.9904761904761905,0.9989517819706498,3.3309378623962402
