Method,accuracy,precision,recall,f1_score,roc_auc,Training_Time
Vanilla,0.7239583333333334,0.6458333333333334,0.4626865671641791,0.5391304347826087,0.671820895522388,1.9148883819580078
Regularized,0.6510416666666666,0.0,0.0,0.0,0.5,1.675156831741333
