Method,accuracy,precision,recall,f1_score,roc_auc,Training_Time
Vanilla,0.6459143968871596,0.5919282511210763,1.0,0.7436619718309859,0.9233939393939394,1.3492093086242676
Regularized,0.8832684824902723,0.8805970149253731,0.8939393939393939,0.8872180451127819,0.9555757575757575,3.0129952430725098
